<?xml version="1.0" encoding="UTF-8"?>
<project-private xmlns="http://www.netbeans.org/ns/project-private/1">
    <editor-bookmarks xmlns="http://www.netbeans.org/ns/editor-bookmarks/2" lastBookmarkId="0"/>
    <open-files xmlns="http://www.netbeans.org/ns/projectui-open-files/2">
        <group>
            <file>file:/C:/Users/xyz05/OneDrive/Documents/NetBeansProjects/Library%20Management%20System/src/library/management/system/Connect.java</file>
            <file>file:/C:/Users/xyz05/OneDrive/Documents/NetBeansProjects/Library%20Management%20System/src/library/management/system/StudentStatus.java</file>
            <file>file:/C:/Users/xyz05/OneDrive/Documents/NetBeansProjects/Library%20Management%20System/src/library/management/system/ReturnBook.java</file>
            <file>file:/C:/Users/xyz05/OneDrive/Documents/NetBeansProjects/Library%20Management%20System/src/library/management/system/Database.java</file>
            <file>file:/C:/Users/xyz05/OneDrive/Documents/NetBeansProjects/Library%20Management%20System/src/library/management/system/StudentRegistration.java</file>
            <file>file:/C:/Users/xyz05/OneDrive/Documents/NetBeansProjects/Library%20Management%20System/src/library/management/system/Home.java</file>
            <file>file:/C:/Users/xyz05/OneDrive/Documents/NetBeansProjects/Library%20Management%20System/src/library/management/system/IssueBook.java</file>
        </group>
    </open-files>
</project-private>
